{"cameraMode":{"drawMode":0,"name":"Shaded","section":"Shading Mode"},"sceneLighting":false,"audioPlay":false,"sceneViewState":{"showFog":true,"showMaterialUpdate":false,"showSkybox":true,"showFlares":true,"showImageEffects":true,"showParticleSystems":true},"in2DMode":false,"pivot":{"x":-1.553956389427185,"y":-2.4303128719329836,"z":-5.484929084777832},"rotation":{"x":0.024457121267914773,"y":-0.9695081114768982,"z":0.21829934418201447,"w":0.10863396525382996},"size":8.040826797485352,"orthographic":false}