{"cameraMode":{"drawMode":0,"name":"Shaded","section":"Shading Mode"},"sceneLighting":false,"audioPlay":false,"sceneViewState":{"showFog":true,"showMaterialUpdate":false,"showSkybox":true,"showFlares":true,"showImageEffects":true,"showParticleSystems":true},"in2DMode":false,"pivot":{"x":9.928955078125,"y":11.361322402954102,"z":5.776938438415527},"rotation":{"x":0.008177420124411583,"y":-0.5213125944137573,"z":-0.004997843410819769,"w":-0.8533120155334473},"size":0.00005715767838410102,"orthographic":false}