{"cameraMode":{"drawMode":0,"name":"Shaded","section":"Shading Mode"},"sceneLighting":false,"audioPlay":false,"sceneViewState":{"showFog":true,"showMaterialUpdate":false,"showSkybox":true,"showFlares":true,"showImageEffects":true,"showParticleSystems":true},"in2DMode":false,"pivot":{"x":0.8658087253570557,"y":-4.318030834197998,"z":-4.946168422698975},"rotation":{"x":0.03757499158382416,"y":0.9287803173065186,"z":-0.35540854930877688,"w":0.0981844887137413},"size":8.040826797485352,"orthographic":false}