{"cameraMode":{"drawMode":0,"name":"Shaded","section":"Shading Mode"},"sceneLighting":false,"audioPlay":false,"sceneViewState":{"showFog":true,"showMaterialUpdate":false,"showSkybox":true,"showFlares":true,"showImageEffects":true,"showParticleSystems":true},"in2DMode":false,"pivot":{"x":-2.167078971862793,"y":-2.2862958908081056,"z":-4.77925968170166},"rotation":{"x":0.047541774809360507,"y":-0.9518464207649231,"z":0.23088763654232026,"w":0.19600795209407807},"size":8.040826797485352,"orthographic":false}