{"cameraMode":{"drawMode":0,"name":"Shaded","section":"Shading Mode"},"sceneLighting":false,"audioPlay":false,"sceneViewState":{"showFog":true,"showMaterialUpdate":false,"showSkybox":true,"showFlares":true,"showImageEffects":true,"showParticleSystems":true},"in2DMode":false,"pivot":{"x":-3.74029541015625,"y":146.48731994628907,"z":234.36985778808595},"rotation":{"x":-0.28184834122657778,"y":-0.7563939094543457,"z":0.3037490248680115,"w":-0.50612872838974},"size":15.834545135498047,"orthographic":false}