{"cameraMode":{"drawMode":0,"name":"Shaded","section":"Shading Mode"},"sceneLighting":false,"audioPlay":false,"sceneViewState":{"showFog":true,"showMaterialUpdate":false,"showSkybox":true,"showFlares":true,"showImageEffects":true,"showParticleSystems":true},"in2DMode":false,"pivot":{"x":-0.17219336330890656,"y":-4.039390563964844,"z":-5.443681716918945},"rotation":{"x":0.003990196622908115,"y":0.9461418986320496,"z":-0.3235176205635071,"w":0.01165921613574028},"size":8.040826797485352,"orthographic":false}