{"cameraMode":{"drawMode":0,"name":"Shaded","section":"Shading Mode"},"sceneLighting":false,"audioPlay":false,"sceneViewState":{"showFog":true,"showMaterialUpdate":false,"showSkybox":true,"showFlares":true,"showImageEffects":true,"showParticleSystems":true},"in2DMode":false,"pivot":{"x":188.1589813232422,"y":58.50519561767578,"z":214.1969451904297},"rotation":{"x":-0.33132824301719668,"y":-0.11278606951236725,"z":-0.02358170412480831,"w":-0.9364533424377441},"size":15.834545135498047,"orthographic":false}