{"cameraMode":{"drawMode":0,"name":"Shaded","section":"Shading Mode"},"sceneLighting":false,"audioPlay":false,"sceneViewState":{"showFog":true,"showMaterialUpdate":false,"showSkybox":true,"showFlares":true,"showImageEffects":true,"showParticleSystems":true},"in2DMode":false,"pivot":{"x":-0.0009250640869140625,"y":2.909620761871338,"z":-1.0892715454101563},"rotation":{"x":-0.239781454205513,"y":-0.29483482241630556,"z":0.07669203728437424,"w":-0.9217894077301025},"size":25.72294807434082,"orthographic":false}