{"cameraMode":{"drawMode":0,"name":"Shaded","section":"Shading Mode"},"sceneLighting":false,"audioPlay":false,"sceneViewState":{"showFog":true,"showMaterialUpdate":false,"showSkybox":true,"showFlares":true,"showImageEffects":true,"showParticleSystems":true},"in2DMode":false,"pivot":{"x":16.362751007080079,"y":8.65355110168457,"z":9.595194816589356},"rotation":{"x":0.10136380046606064,"y":0.2824523448944092,"z":-0.030026482418179513,"w":0.9534382224082947},"size":3.2999424934387209,"orthographic":false}