{"cameraMode":{"drawMode":0,"name":"Shaded","section":"Shading Mode"},"sceneLighting":false,"audioPlay":false,"sceneViewState":{"showFog":true,"showMaterialUpdate":false,"showSkybox":true,"showFlares":true,"showImageEffects":true,"showParticleSystems":true},"in2DMode":false,"pivot":{"x":59.305259704589847,"y":11.486573219299317,"z":157.21990966796876},"rotation":{"x":0.11839180439710617,"y":-0.6673284769058228,"z":0.195322185754776,"w":0.7088761925697327},"size":8.040828704833985,"orthographic":false}