{"cameraMode":{"drawMode":0,"name":"Shaded","section":"Shading Mode"},"sceneLighting":false,"audioPlay":false,"sceneViewState":{"showFog":true,"showMaterialUpdate":false,"showSkybox":true,"showFlares":true,"showImageEffects":true,"showParticleSystems":true},"in2DMode":false,"pivot":{"x":-7.667942523956299,"y":-4.180168151855469,"z":-3.175867795944214},"rotation":{"x":0.1356048583984375,"y":-0.8136938214302063,"z":0.2103099226951599,"w":0.5246745944023132},"size":14.70162296295166,"orthographic":false}