{"cameraMode":{"drawMode":0,"name":"Shaded","section":"Shading Mode"},"sceneLighting":false,"audioPlay":false,"sceneViewState":{"showFog":true,"showMaterialUpdate":false,"showSkybox":true,"showFlares":true,"showImageEffects":true,"showParticleSystems":true},"in2DMode":false,"pivot":{"x":-3.725290298461914e-8,"y":0.16684795916080476,"z":0.32270365953445437},"rotation":{"x":0.0480487197637558,"y":-0.8887953162193298,"z":0.09584874659776688,"w":0.44558650255203249},"size":1.894626498222351,"orthographic":false}