{"cameraMode":{"drawMode":0,"name":"Shaded","section":"Shading Mode"},"sceneLighting":false,"audioPlay":false,"sceneViewState":{"showFog":true,"showMaterialUpdate":false,"showSkybox":true,"showFlares":true,"showImageEffects":true,"showParticleSystems":true},"in2DMode":false,"pivot":{"x":0.6048858165740967,"y":-4.330471038818359,"z":-5.155276775360107},"rotation":{"x":0.01215294748544693,"y":0.9365660548210144,"z":-0.3487575650215149,"w":0.03262647986412048},"size":8.040826797485352,"orthographic":false}