{"cameraMode":{"drawMode":0,"name":"Shaded","section":"Shading Mode"},"sceneLighting":false,"audioPlay":false,"sceneViewState":{"showFog":true,"showMaterialUpdate":false,"showSkybox":true,"showFlares":true,"showImageEffects":true,"showParticleSystems":true},"in2DMode":false,"pivot":{"x":0.00013208389282226563,"y":0.6209753751754761,"z":0.1910264492034912},"rotation":{"x":-0.04413585364818573,"y":0.953000545501709,"z":-0.2463291734457016,"w":-0.17077472805976869},"size":7.433318138122559,"orthographic":false}